Album;annoAlbum;titoloCanzone;Secondi;testoCanzone;significatoTesto
Colpa delle favole;2019;Colpa delle favole;184;È colpa delle favole se tu non sei più con me Se cammino per la strada quando una strada poi non c’è Se non riesco ad esser grande E mi innamoro in un privé Perché mi illudo che la gente sia di più di quel che è È colpa delle favole se sorrido senza un senso Se guardando il cielo vedo una faccia e poi ti penso E non è colpa miaCome dici tu E se di notte sogno poco di giorno sognerò di più È colpa delle cose che ho rimandato sempre Per fare un po’ il buffone che poi il buffone a che mi serveIo vorrei solo esser stato un po’ meno assenteistaPer guardarti dentro agli occhi dirti amore adesso resta Perché è colpa delle favole se la mia vita adesso è questa È colpa delle regole io non le ho mai indossate E ho vissuto con il peso di maestre e poi psicologi Dicevano su cerca di non essere sbadato Che la vita poi non torna e se ti perdi sei fregato È colpa delle notti dove la calma in me non c’era E per averti avevo i sogni e almeno lì sembravi vera E non è colpa mia come dici tue se di notte sogno poco di giorno sognerò di più È colpa della musica che mi ha reso troppo astratto Sono un raggio che dal sole non si lancia e resta al caldo E rispondo alle paure che io non sono in questo corpoAmore non è colpa della pioggia o delle nuvoleSe parlo poco sappi è solo colpa delle favole È colpa delle notti dove la calma in me non c’era E per averti avevo i sogni e almeno lì sembravi vera E non è colpa mia come dici tue se di notte sogno poco di giorno sognerò di più È colpa della musica che mi ha reso troppo astratto Sono un raggio che dal sole non si lancia e resta al caldo E rispondo alle paure che io non sono in questo corpo Amore non è colpa della pioggia o delle nuvoleSe parlo poco sappi è solo colpa delle favole;Colpa delle Favole è la traccia che apre l’album, una vera e propria dichiarazione in cui Ultimo ammette che è proprio colpa delle favole se è diventato ciò che adesso è. La title track, con grande carica ma anche fragilità, racconta come i sogni abbiano portato un cambiamento nell’esistenza di Ultimo.
Colpa delle favole;2019;I tuoi Particolari;219; È da tempo che non sento più la tua voce al mattino che grida bu e mi faceva svegliare nervoso ma adesso invece mi sveglio e sento che mi mancan tutti quei tuoi particolari quando dicevi a me sei sempre stanco perché tu non hai orari È da tempo che cucino e metto sempre un piatto in più per te sono rimasto quello chiuso in se che quando piove ride per nascondere mi mancan tutti quei tuoi particolariquando dicevi a me ti senti solo perché non sei come appari Oh, fa male dirtelo adesso ma non so più cosa sento se solamente Dio inventasse delle nuove parole potrei dirti che siamo soltanto bagagli viaggiamo in ordini sparsi se solamente Dio inventasse delle nuove parolepotrei scrivere per te nuove canzoni d’amore e cantartele qui È da tempo che cammino e sento sempre rumori dietro me poi mi giro pensando che ci sei te e mi accorgo che oltre a me non so che c’è mi mancan tutti quei tuoi particolari quando dicevi a me sei sempre stanco perché tu non hai orari Oh, fa male dirtelo adesso ma non so più cosa sento se solamente Dio inventasse delle nuove parole potrei dirti che siamo soltanto bagagli viaggiamo in ordini sparsi se solamente Dio inventasse delle nuove parole potrei scrivere per te nuove canzoni d’amore e cantartele qui fra i miei e i tuoi particolari potrei cantartele qui se solamente Dio inventasse delle nuove parole potrei dirti che siamo soltanto bagagli viaggiamo in ordini sparsi se solamente Dio inventasse delle nuove parole potrei scrivere per te nuove canzoni d’amore e cantartele qui ;Nel brano Ultimo racconta le piccole cose, i gesti e i dettagli nascosti di una relazione che diventano molto presenti nei ricordi, e si rivelano, nella loro importanza, quando non ci sono più. Le strofe incisive cantano l’assenza, i contorni di una storia finita e ciò che sembra un particolare minore è proprio quello di cui si sente più forte la mancanza
Colpa delle favole;2019;Quando fuori piove;221; Colpa delle favole mi hanno sempre illuso un po quando fuori piove perché il mondo mi ha deluso un po’ Colpa della musica mi ha reso gli occhi amari un po’ guardo fuori il sole e mi chiudo in un respiro Sai mi chiedo troppo spesso dove va a finire un fiore quando corri dentro a un prato e non ti servono parole MI CHIEDEVO TU COME STAI È UN PO’ CHE NON TI SENTO ORMAI VORREI PORTARTI AL MARE MA NON HO PIU’ BELLE PAROLE PERCHÉ IL TEMPO HA PRESO TUTTO E HA PRESO ANCHE IL NOSTRO AMORE VORREI PARLARTI COME PRIMA CON LA STESSA INTENSITÀ MA QUANDO VIVI TROPPO INSIEME POI QUALCOSA SE NE VA E NON MI SENTO MAI ALL’ALTEZZA, DI STARE CON TE È colpa della vita che mi ha steso in questo posto senza avermi chiesto prima almeno un tipico permesso E non ci riesco mai a far finta che poi vada bene tu dici te ne pentirai Sai mi chiedo troppo spesso dove va a finire un fiore quando corri dentro a un prato e non ti servono parole MI CHIEDEVO TU COME STAI È UN PO’ CHE NON TI SENTO ORMAI VORREI PORTARTI AL MARE MA NON HO PIU BELLE PAROLE PERCHÉ IL TEMPO HA PRESO TUTTO E HA PRESO ANCHE IL NOSTRO AMORE VORREI PARLARTI COME PRIMA CON LA STESSA INTENSITÀ MA QUANDO VIVI TROPPO INSIEME POI QUALCOSA SE NE VA IO MI SENTO MAI ALL’ALTEZZA, DI STARE CON TE DI STARE CON TE DI STARE CON TE;Quando Fuori Piove è un brano è pervaso da un sound molto simile a quello delle canzoni contenute nell’album precedente,Peter Pan. La scrissi durante gli instore di quell’album ricorda Ultimo qui torna il tema centrale delle favole, delle illusioni che possono portare risvolti negativi all’interno delle relazioni
Colpa delle favole;2019;Ipocondria;181; Mi sono chiesto spesso che cosa fosse il tempo se in fondo quando ti amo il mondo non lo sento Mi sono chiesto spesso tra una sigaretta e l’altra quale fosse la ragioneperché tu fossi così bugiarda Infondo ho dato tutto ma questa è anche colpa mia è che mi piaci perché curi questa bastarda ipocondria E ho capito che il mondo lo vivo così con la faccia distrutta quando è lunedì e ho capito che infondo va bene così anche se siamo distanti a me va bene anche distanti a me va bene anche distanti tanto ti porto con me Sì lo so lo dici spesso M’ha cambiato ‘sto successo è che quelli come me buttano l’oro dentro al cesso Non gli danno mai importanza e poi si senton sempre soli hanno il ghiaccio dentro al cuore e hanno i fiori nei polmoni Ma infondo ho dato tutto ma questa è anche colpa mia è che mi piaci perché curi questa bastarda ipocondria E ho capito che il mondo lo vivo così con la faccia distrutta quando è lunedì e ho capito che infondo va bene così anche se siamo distanti a me va bene anche distanti a me va bene anche distanti tanto ti porto con me a me va bene anche distanti a me va bene anche distanti a me va bene anche distanti tanto ti porto con me a me va bene anche distanti a me va bene anche distanti tanto ti porto con me a me va bene anche distanti a me va bene anche distanti a me va bene anche distanti tanto ti porto con me; L’ipocondria di Ultimo è curata dall’amore, un amore che può essere anche distante ma rimane sempre presente e vicino nel cuore. Nel momento in cui due cerchi si sovrappongono non hanno nulla piu da condividere, se non lo spazio che li accomuna dice Ultimo descrivendo il brano.
Colpa delle favole;2019;Fateme canta;251;Che giornata, che giornata So distrutto, eh, so distrutto Cameriè portame er vino Fateme cantà Che non c'ho voglia de sta con sta gente Che me parla Ma non dice niente, eh Fateme cantà Che me ne sento anche un po' innervosito Da sta gente che me chiede na foto Io vorrei parlaje de loro, oh oh oh Fateme cantà Sto a impazzì appresso a troppe esigenze C'ho bisogno all'appello De dì che so assente E, e fateme cantà Pe l'amici che ho lasciato ar parcheggio Io che quasi me ce sento in colpa De ave' avuto sto sporco successo Che amico sul palco e t'ammazza nel resto, oh oh Fateme cantà Nun so bono a inventamme i discorsi Sbaglio i modi I toni, anche i tempi Parlo piano manco me sentiresti, eh Fateme cantà Che a ste cene co questi in cravatta Parlo a gesti, nun so la loro lingua, eh Eh, fateme cantà Per quel tizio che non c'ha più er nome Sta per strada, elemosina un core Pe' quel padre che se strigne l'occhi Davanti a suo figlio pe' proteggeje i sogni, oh Fateme cantà Pe' sti gatti che aspettano svegli Un motore pe' starsene caldi Pe' i ricordi che me spezzano er sonno E a letto me fanno girà come un matto Un matto, un matto;
Colpa delle favole;2019;Rondini al guinzaglio;240;Portami a sentire le onde del mare portami vicino le cose lontane portami dovunque basta che ci sia posto per una birra e qualche vecchio rimpianto E portami a sentire il rumore del vento che tanto torneresti in qualsiasi momento portami dovunque basta che ci sia posto per un sorriso e qualche vecchio rimpianto dove vuoi, non dove sai dove esisti e non ci sei Portami con te portami con te dove tutto si trasforma dove il mondo non mi tocca e portami con te portami con te dov’è leggero il mio bagaglio dove mi ami anche se sbaglio dove vola e si ribella ogni rondine al guinzaglio E portami al sicuro ma senza parlare e lascia che lo faccia il tuo modo di fare portami di corsa in un ponte lì in alto che unisce il tuo dolore al tuo solito incanto E portami ti prego dove preferisci dove se metti piede in un attimo esisti perché non c’è risposta alle cose passate tu portami ad amare le cose mai amate e dove vuoi, non dove sai dove esisti e non ci sei tu portami con te portami con te dove tutto si trasforma dove il mondo non mi tocca e portami con te tu portami con te dov’è leggero il mio bagaglio dove mi ami anche se sbaglio dove vola e si ribella ogni rondine al guinzaglio dove il cielo si muove se lo guardi attentamente dove piove ma tu esci per bagnare la mente perché se la vita è nostra non ci ostacola niente dove al posto dei piedi hai due pagine vuote e ogni passo che compi loro scritturano note dove il sole è un’ipotesi e tu puoi solo pensarlo ma ti basta perché ti riempi di idee per nutrirlo quando sarà primavera tu portami con te portami con te dove tutto si trasforma dove il mondo non mi tocca e portami con te tu portami con te dov’è leggero il mio bagaglio dove mi ami anche se sbaglio dove vola e si ribella ogni rondine al guinzaglio ; Il testo di Rondini al guinzaglio esprime il desiderio di essere portati altrove, dove è possibile essere amati ed essere liberi, anche se poi si sbaglia, senza alcun giudizio da parte del mondo esterno. È meglio che gli ideali restino tali, come i sogni, che se diventano realtà cambiano colore.
Colpa delle favole;2019;Amati sempre;244;Sai che forse è vero in queste sere ci pensavo sono sempre più sbadato e in testa aumenta il desiderio di sentirmi più lontano ma lontano sai non ci riesco a stare E sai che infondo è vero l’amore va solo immaginato è un passo ancora non compiuto ed è non farlo sai il segreto ma se tutto resta dentro poi la vita sai ti chiede il conto E poi mi sembra un po’ strano il mondo è un gioco alla mano E prenditi qualcosa, faccia pure signorina dai permettimi di farlo, sono il solito cretino ma con la faccia da bugiardo e con il cuore di un bambino sai sogno spesso di toccarti ma poi mi sveglio nel cuscino E portati con te tutte le cose, non guardarmi con quegli occhi sempre vivi nei miei testi che mi lanciano i ricordi ancora adesso mi fa male ma tu amati sempre Ti sento nelle frasi della gente che cammina, mentre parla d’argomenti a cui forse non credeva prima quando cerco di cambiare in poche ore la mia vita la mattina ti prego amati sempre ricorda amati sempre E passami la vita tra le mani come se passassi il sale come se volessi il cuore e il cuore per averlo sai basta avercene un altro dentro E poi mi sembra un po’ strano il mondo è un gioco alla mano E allora via da questo cielo che contiene i suoi pianeti quelli che ho cantato forte quando volevo ma non c’eri e lascia che poi il nostro tempo non cammini sempre a tempo tanto più pensi a un desiderio, più lui si trasforma in vento E la gente ci guardava come fossimo due alieni ed io che sono abituato a smascherare i miei segreti le confesso che non guardo mai i suoi occhi da vicino perché poi ci casco dentro e non mi accorgo che respiro e spegni tu la luce che io non mi reggo in piedi poi la spegni e vedo poco ma tutto è dentro le mie mani non ti vedo ma ti sento e il letto è diventato mare ti avvicini e non so stare a te vicino senza amare amati sempre ti prego amati sempre  ti prego amati sempre Ricorda: amati sempre ;Amati Sempre è la ballata del disco, la canzone più intima.
Colpa delle favole;2019;Quella casa che avevamo in mente;204; Resto ma non riesco parlo di qualcosa ma non parlo e contraddico tutto ciò che tocco il mondo è un posto grande ma non troppo Che tanto poi mi basta solo un secondo e come nulla fosse ci ritorno in quel posto tanto atteso quanto quanto una parola se non parlo E ti vorrei, ti vorrei, ti vorrei, ti vorrei ma ti prego com’eri prima con la faccia da bambina E ti vorrei, ti vorrei, ti vorrei, ti vorrei ma ti prego com’era prima con la faccia di chi sta in fila e distratto aspetta il turno pensando che poi tanto arriva Tu occupavi un posto troppo grande e certo adesso è strano non parlarne di quella casa che avevamo in mente lontano dalla strada in mezzo al verde Ti ricordi avevi sempre freddo e anche io ma non te l’ho mai ammesso perché la nostra storia è in queste cose in ciò che non si dice ma rimane Ti vorrei, ti vorrei, ti vorrei, ti vorrei ma ti prego com’eri prima con la faccia da bambina Ti vorrei, ti vorrei, ti vorrei, ti vorrei ma ti prego com’era prima con la faccia di chi sta in fila e distratto aspetta il turno pensando che poi tanto arriva ; Ultimo descrive la nostalgia e i rimpianti per alcune scelte passate e dettaglia nel ritornello il suo desiderio Ti vorrei con la voglia di parlare, non con la faccia di chi ha già parlato, con la voglia di mostrarsi. Rivivere un amore in modo semplice
Colpa delle favole;2019;Piccola stella;232;Hai da sempre compreso la mia fantasia l’hai accesa, poi spenta, poi sei andata via sei tornata più forte con un sasso nel cuore hai preso il mio giorno e lo hai reso migliore e ora scrivo qui in fretta per dirtelo ancora che sei forte, fragile senza paura tu resta la stessa, la stessa di sempre Sei la cosa più bella che indosso sei risorsa, sei il cielo e sei il mondo sei la strada che porta alla vita donna instabile, sei la mia sfida sei la piccola stella che porto nei momenti in cui non ho luce sei la piccola stella che porto nei momenti in cui non ho luce Hai da sempre compreso la mia nostalgia dei giorni ormai persi ed ormai andati via questo tempo trascorso non è mai abbastanza te che dei miei occhi ne sei la sostanza comunque poi adesso che ti ho davanti prometto di restarti accanto per sempre per sempre per sempre Sei la cosa più bella che indosso sei risorsa, sei il cielo e sei il mondo sei la strada che porta alla vita donna instabile, sei la mia sfida sei la piccola stella che porto nei momenti in cui non ho luce sei la piccola stella che porto nei momenti in cui non ho luceSei l’immenso di un attimo andato del mio sogno la parte migliore sei quel vento che soffia da sempre ma che riesce a non farmi cadere sei la piccola stella che porto nei momenti in cui non ho luce sei la piccola stella che porto nei momenti in cui non ho luce sei la piccola stella che porto nei momenti in cui non ho luce sei la piccola stella che porto nei momenti in cui non ho luce;Piccola Stella è la prima canzone che Ultimo ha scritto, quando aveva 14 anni. Si distanzia dalle altre, avrebbe voluto inserirla anche nei precedenti album, ma sentiva che questo era quello giusto.
Colpa delle favole;2019;Aperitivo grezzo;203;Aperitivo grezzo Dai fai alle cinque al parcheggio 2 3 4 del capo infondo lo sai che li prendo c’è Giammarchino che sorride c’ha l’occhio un po’ spento con Leo vicino che non parla ma c’ha il mondo dentro ricordo che eravamo pochi ma sempre felici il paradosso è che all’aereo sai preferivo la bici quando mi trovo in situazioni con gente in cravatta mi sento a disagio mentre parlano della vacanza fatta coi figli che frequentano la scuola migliore con quel sorriso di chi pensa d’avere ragione io che cantavo nel parcheggio con Adriano e Alessandro per me l’arte nasce in strada e diventa poi altro Vorrei svegliarmi presto la mattina e ritrovare tutto com’era prima invece adesso sai mi sveglio e mi sento incostante non so ancora che strada prendere invece adesso non ho tempo e mi sento distante da quello che volevo essere Aperitivo grezzo e poi ritornavo per cena ma non mangiavo e la saltavo come una preghiera con mamma che diceva    nicco che faccia che hai messo   io che in silenzio dicevo    scusa me ne vado a letto   Non dirmi come devo fare non darmi consigli non fare commenti non fare morale sto giù di morale la mia vita uguale senza i tuoi commenti è pieno di artisti che scrivono dischi si sentono tristi ma sono affaristi io sono cresciuto con Blasco in macchina in 7 a pompare i suoi dischi eh oh, guarda che dici sono cambiato? non penso ho gli stessi amici e non mi fido del resto io mando avanti soltanto la parte senza emozioni perché tra bestie vinci se il tuo pianto lo riponi ho una scorta di giornate che uso quando sono in basso perché vivere scrivendo è come uscire da un collasso non riesci cadi a pezzi seduto tra i miei complessi mi appoggio sui miei dubbi tanto son sempre gli stessi e non importa quanto sudi ma conta quello che dici posso urlare col sorriso e ci sei tu tra gli obiettivi tu che hai avuto la fortuna e adesso predichi e rimproveri ma è facile esser grande riempito d’oro tra i più poveri Vorrei svegliarmi presto la mattina e ritrovare tutto com’era prima invece adesso sai mi sveglio e mi sento incostante non so ancora che strada prendere invece adesso non ho tempo e mi sento distante da quello che volevo essere ;Ottobre 2017. Un mese di aperitivi grezzi con gli amici al bar.    Volevo ricordare quel periodo  , un momento in cui Ultimo si sentiva in equilibrio e sicuro, protetto dall’affetto delle persone più care.
Colpa delle favole;2019;Fermo;160;So che non dovresti sentirti distrutta fa male vederti rassegnata e sconfitta il rischio era questo, vederci annientati dal tempo e dai sogni che tanto volevi Io non ho principi non ho religioni a volte mi pento ma non cerco ragioni le storie hanno un senso finché non ti siedi ed occhi negli occhi ti guardi e non vedi Voglio starmene fermo. Fermo. Ti prego lasciami fermo. Fermo. Come il cielo che è fermo Fermo. Non hai sentimenti, mi accusi di questo ma io non sono quello che scrivo in un testo la musica esce ma non mi descrive io creo una canzone ma lei è vita che vive Non siamo più sogno e nemmeno passione ci siamo poggiati come sul prato le rose io ne esco sconfitto e fa niente per questo ho solo bisogno di starmene fermo. Fermo. Ti prego lasciami fermo. Fermo. Ti prego lasciami fermo. Fermo. Ti prego lasciami fermo. Fermo. Come il cielo che è fermo Fermo.;Fermo è una canzone che traghetta verso la fine del disco, la fine anche delle storie dove ci si guarda negli occhi e non ci si vede più. La voglia di immobilità, di non muoversi: il sogno è finito, la sconfitta brucia e il desiderio è quello di non essere più scosso, rimanere fermo
Colpa delle favole;2019;Il tuo nome;181;Nelle cose che non trovo ma che ritroverò sulle porte che ho già chiuso ma per te riaprirò negli accordi che non suono ma per te suonerò nelle strade con te fatte e che non faccio da un po’ Tra i rifugi in cui posavo le certezze che ho In quei sorrisi che indossavi e che non vedo da un po’ nei momenti in cui chiedevo e tu dicevi di no ho trovato un foglio bianco e tu puoi crederci o no Ohhh ma io c’ho scritto il tuo nome Ohhh io c’ho scritto il tuo nome C’ho scritto il tuo nome Tra le volte in cui sbagliavo ed io sbagliavo lo so che è sbagliando che ti ho persa e so che risbaglierò mi hai sempre detto non puoi avere mica tutto però mi hanno dato il mondo in mano e tu puoi crederci o no Ohhh ma io c’ho scritto il tuo nome Ohhh io c’ho scritto il tuo nome Io c’ho scritto il tuo nome C’ho scritto il tuo nome Io c’ho scritto il tuo nome ;Ripeto quasi sempre la stessa frase, eppure è una delle canzoni che mi emoziona di più così Ultimo sintetizza il senso di una canzone dove    Il tuo nome   diventa un segno importante, un appello che aiuti a cancellare gli errori commessi
Colpa delle favole;2019;La stazione dei ricordi;250;Ho il cuore che mi vola e sentiti leggera ho colpito a duro muso la vita e lo faccio da una vita intera non mi sento mai adatto, questi contesti indifferenti rido, guardo i miei difetti come fossero perfetti Avessi gli occhi di mio padre proverei a ragionare ma sono nato con la voglia di strafare e col bisogno di volare dicesti chiudi gli occhi, non pensarci ma quelli come me chiudono gli occhi solo per allontanarsi. Allontanarsi da che cosa, che qui è sempre la stessa storia ti viene voglia di cambiare e cambia chi non c’è più ora ricordo notti in un parcheggio, birre vuote sul cruscotto parlavamo sì, ma senza aver mai pagato un conto Noi siamo quelli senza scuse col passato in fiamme quelli che parlano con tutti ma non è niente di importante che le cose belle stanno dentro e meritano stelle siamo tutti Giusy cambia soltanto dentro a quale pelle Potrei cantare per cent’anni e direi le stesse cose e non è monotonia è il mio rifugio personale non chiedermi niente questa sera si sta bene porta un po’ dei tuoi ricordi e dopo mescolali insieme Vorrei parlare anche di lei ma senza esagerare che il cielo lì ci osserva e noi formiche in pasto a un mondo cane poi ti bastan due occhi azzurri e ritorna tutto ritorna il cuore, al suo posto dove c’è calore Avevo voglia di cantare ma solo ciò che avevo dentro sento, che tanto più mi sento vuoto e tanto più mi riempio dentro ricordo lì in terrazza 5° piano sopra tutti, passare notti dentro stanze in cui non vedi bene tutti e con la mano e con la mano e con la mano sposti il fumo che ti bruci gli occhi sentirsi ultimi ma sorridere che è passato pure oggi Mamma, mamma, mamma ti ho deluso tante volte e non è vittimismo, ti ho vista piangere e maledico il giorno in cui non mi hai più visto quando tornavi dal lavoro e c’era quel silenzio i professori che ti urlavano suo figlio è marcio dentro   ma che ne sanno loro, che ne sanno tutti io la mia vita l’ho vissuta solo attraverso i miei gusti e pagherò un conto tra dieci anni o forse anche domani ma vince chi si sveglia, vive, muore e spera sempre dentro le sue mani.;Ho messo tutto me stesso e tutto il mio passato. Ascoltare per credere. Ultimo si racconta, mostrandosi con autenticità, aprendosi in modo poco astratto e molto diretto. Questa canzone è un percorso, attraverso immagini che si cristallizzano nella mente proprio come vere polaroid. Ultimo ammette che vorrebbe essere ricordato come Niccolò, un ragazzo ancora incerto sul suo futuro, che sta lottando per far conoscere la propria musica. 
Peter Pan;2018;Buon viaggio;171;Fai buon viaggio e torna solo se hai un pretesto Gira il mondo, non importa in quanto tempo Fai buon viaggio e non temere, sarò onesto Sarò il vento che ti scrolla l’ansia di dosso Fai buon viaggio e butta quelle sigarette Perché meriti di vivere per sempre E corri forte tra i lampioni quando è sera Fai buon viaggio e torna quanto è primavera Io non so se domani tornerai Però so che ho lasciato dentro lei Solo un po’ della mia amara incomprensione Anche un po’ di risate col tuo odore Fai buon viaggio e non provare mai rancore Io aspetto a dirti mi mancano due ore E abbi cura dei tuoi occhi oggi che è festa Poi ritorna perché non posso fare senza Fai buon viaggio e custodisci il tuo giardino E tra le siepi lascia un posto per un pino E tra cent’anni sarà forte come il sogno Di te che torni e dici amore mio, buongiorno Io non so se domani tornerai Però so che ho lasciato dentro lei Solo un po’ della mia amara incomprensione Forse anche un po’ di risate col tuo odore;E’ sperare che qualcuno o qualcosa torni e nel frattempo sognare che sia già qui.   
Peter Pan;2018;Canzone stupida;236;Wuoh oh oh oh, wuoh oh oh, oh Wuoh oh oh, oh, wuoh oh oh oh Wuoh oh oh oh, wuoh oh oh, oh Wuoh oh oh, oh, oh Avessi avuto solo un briciolo di dignità Ti avrei mandata a fare in culo quattro mesi fa Quando mi hai detto: Mi piaci, ma non troppo E mi piaci, ma non voglio Mi piaci, ma non proprio Vorrei parlarti ma non so nemmeno io di che, eh, eh Vorrei parlarti ma non so nemmeno io perché, eh, eh Posso avere un momento? Per parlarti con sincerità In un tavolo al centro Tra la gente che viene e che va Canzone stupida Canzone stupida Come me, come quello che scrivo, oh Canzone stupida Canzone stupida Come te, come ogni tuo respiro Wuoh oh oh oh, wuoh oh oh oh Wuoh oh oh, oh, wuoh oh oh oh Avessi avuto solo un briciolo di dignità Ti avrei mandata a fare in culo un anno fa Quand'ho capito che hai il cervello di una zanzara E vuoi fare la colta universitaria Vorrei parlarti ma non so nemmeno io di che, eh, eh Vorrei parlarti ma non so nemmeno io perché, eh, eh Posso avere un momento? Per parlarti con sincerità In un tavolo al centro Tra la gente che viene e che va Canzone stupida Canzone stupida Come me, come quello che scrivo, oh Canzone stupida Canzone stupida Come te, come ogni tuo respiro Wuoh oh oh oh, wuoh oh oh oh Wuoh oh oh, oh, wuoh oh oh, oh Wuoh oh oh oh, wuoh oh oh oh Wuoh oh oh, oh Sì sono un poco sbadata E sì sono sempre ubriaca E tu mi stai sul cazzo quando parli in quel tuo modo Come fossi una principessa Com'è che invece sto al parchetto con 'sta gente, sempre la stessa? Posso avere un momento? Per parlarti con sincerità In un tavolo al centro Tra la gente che viene e che va Canzone stupida Canzone stupida Come me, come quello che scrivo, oh Canzone stupida Canzone stupida Come te, come ogni tuo respiro Wuoh oh oh oh, wuoh oh oh oh Wuoh oh oh, oh, wuoh oh oh oh, oh Wuoh oh oh oh, wuoh oh oh oh Wuoh oh oh, oh, wuoh oh oh oh;
Peter Pan;2018;La stella piu fragile dell'universo;226;Che poi mi piace anche quando non parli E canti sottovoce quei tuoi ritornelli Mentre tra le dita rinchiudi i capelli Comunque con te, comunque con te Quando mi dici mi vedo sbagliata Invece sei come io ti ho disegnata Tu che rimani anche appena sei andata Comunque con te, comunque con te Mi piacerebbe portarti in collina Vedere il mondo come si declina Portarti più in alto, più su delle nuvole Tu che profumi di sogni e di fragole Se riniziasse un’altra vita Non chiederei che fosse infinita Mi basterebbe sapere che esisti Che è lo stesso il profumo che indossi Se non mi conoscessi farei come ho fatto Dirti che ti aspetto in un posto perfetto Che poi io di perfetto non ho proprio niente Divento perfetto se ti ho tra la gente Comunque con te, comunque vada con te Comunque vada con te Comunque vada con te Comunque vada con te Sono pesante lo dico a me stesso Troppo romantico e prima o poi casco Ma me ne sbatto di tutta ‘sta gente Che non dà peso alle cose importanti Che poi l’amore se in fondo ci pensi è L’unico appiglio in un mondo di mostri E tu lo descrivi in un modo pazzesco Tu lo rinchiudi in un solo tuo gesto Mi piacerebbe lanciarti nel cielo Vedere il tuo corpo che pian piano sale Collocarti nel posto più giusto La stella più fragile dell’universo E se riniziasse un’altra vita Io non chiederei che fosse infinita Mi basterebbe sapere che esisti Che è lo stesso il profumo che lasci e Se non mi conoscessi farei come ho fatto Dirti che ti aspetto in un posto perfetto Che poi io di perfetto non ho proprio niente Divento perfetto se ti ho tra la gente Comunque con te, comunque vada con te Comunque vada con te Comunque vada con te Comunque vada con;La più bella canzone d’amore che io abbia mai scritto. Escono poche volte dalle mani parole cosi. È un urlo all’amore più intimo.  
Peter Pan;2018;Cascare nei tuoi occhi;226;Ehi Vorrei conoscerti quando al mattino Dirti la sera Ti prego spegni la luce   Vorrei svegliare con te il mio vicino Per il casino e non dargli mai pace Ma non è facile Neanche difficile Forse è impossibile Sicuro instabile Vorrei lasciare sul tuo comodino Un caffè caldo per ogni mattina Vedere che ti svegli all’improvviso e poi Chiudi gli occhi e fingi di dormire E non è facile Neanche difficile Forse è impossibile Sicuro instabile Ma poi mi parli dei tuoi drammi Dei tuoi genitori Che sono assenti e non li vedi Da anni migliori E poi mi parli di tuo padre quanto è stronzo a cena Che quando parli non ti guarda e non pone il problema Ed io che invece vorrei solo averti più vicino Cascare nei tuoi occhi e poi vedere se cammino Che sono grandi come i dubbi che mi fanno male Ma sono belli come il sole dopo un temporale E poi ti penserò E poi ti penserò E poi ti perderò E poi ti perderò Vorrei spiegarti che fuggire non serve Se nessun posto è abbastanza lontano Se nessun posto è abbastanza lontano da te e Vorrei parlarti ma non riesco mai a farlo E rovinare tutto quello che è stato Che a volte le parole sono un inganno Sono i rimorsi di chi se n’è andato E non è facile Neanche difficile Forse è impossibile Sicuro instabile Ma poi mi parli dei tuoi drammi Dei tuoi genitori Che sono assenti e non li vedi Da anni migliori E poi mi parli di tuo padre quanto è stronzo a cena Che quando parli non ti guarda e non pone il problema Ed io che invece vorrei solo averti più vicino Cascare nei tuoi occhi e poi vedere se cammino Che sono grandi come i dubbi che mi fanno male Ma sono belli come il sole dopo un temporale E poi ti penserò E poi ti penserò E poi ti perderò E poi ti perderò ;Il brano, come suggerisce il titolo, parla del desiderio di rientrare nel cuore della persona amata, perdendosi nella bellezza dei suoi occhi.
Peter Pan;2018;Poesia senza veli;218;E quando il mondo ti schiaccia provaci anche tu Tira fuori il bimbo che hai dentro, non nasconderlo più E ti ho portato due fiori, uno sono io e l'altro sei tu E vorrei essere anch'io bello come sei bella tu Ehi, sai è difficile restare calmi Sei la certezza in cui ripararmi La luce filtra tra gli alberi spogli Ma il sole è nulla in confronto ai tuoi occhi Tu sei la prima missione compiuta Sei il desiderio che muta è riuscita È una poesia senza veli Io vivo con i tuoi piedi Io vivo e grazie a te se sto in piedi E non ci credi? Prova ad aspettarmi nel fiore Più nascosto del mondo E sarò li prima di te Non è amore, è solo conoscerti a fondo Scusa il disordine, è che mi confondo Ma tu sei troppe cose insieme Non riesco a scrivere bene Non riesco e scrivo quello che viene E quando il mondo ti schiaccia provaci anche tu Tira fuori il bimbo che hai dentro, non nasconderlo più E ti ho portato due fiori, uno sono io e l'altro sei tu E vorrei essere anch'io bello come sei bella tu Woh oh oh, woh oh oh, woh, woh, oh, oh Woh oh oh, woh oh oh, woh, woh, oh, oh Ehi, qualcosa per i tuoi giorni Quando ti chiamo e ti chiedo Più o meno per che ora ritorni? E tu sei nel traffico e strilli Perché ti senti incastrata Però poi torni e sorridi Perché sai che in fondo è passata Io lo capisco Che a volte ti manca tuo padre Io nei tuoi occhi lo leggo Vorresti avere avuto un Natale Non tanto per un regalo Ma per sentirti un regalo Che per qualcuno vali E sei il diamante più raro Per me sei questo Per me sei questo e altro E non nascondere le lacrime Che tanto scendono in basso Tu falle cadere fino A che non diventano fango Poi ritorna in quel posto Ci sarà una rosa e sarà Maggio Vorrei che ti guardassi con i miei occhi Vorrei che ti ascoltassi con i miei sogni Sai la mia vita è soltanto un insieme di sogni E tu sei l'unica parte reale che voglio nei giorni, ehi E quando il mondo ti schiaccia provaci anche tu Tira fuori il bimbo che hai dentro, non nasconderlo più E ti ho portato due fiori, uno sono io e l'altro sei tu E vorrei essere anch'io bello come sei bella tu ;dichiarazione d’amore senza censure, senza veli appunto, vista con gli occhi di un bambino. Spiega Ultimo: Ho pensato, se fossi un bambino, come le direi che l’amore è in ogni cosa?
Peter Pan;2018;Il ballo delle incertezze;203;Ho perso tempo per guardarmi dentro e ho sistemato qualche mia abitudine ma poi la sera arrivava ed io mi chiedevo dov’è il senso se c’è un senso a tutto questo Ho perso tempo per guardarti dentro e ti ho dedicato il cuore tra le pagine ma poi la sera arrivava ed io mi chiedevo dov’è il senso se c’è un senso a tutto questo Senti non c’è bisogno di parlare dalla serranda scende il sole e noi ci siamo accontentati Ma ci sarà il ballo delle incertezze ci sarà un posto in cui perdo tutto che per stare in pace con te stesso e col mondo devi avere sognato almeno per un secondo E ci sarà tra la gente che aspetta chiunque ha rischiato tutto ed ha perso che per stare in pace con te stesso e col resto puoi provare a volare lasciando a terra te stesso Ho camminato in equilibrio su di me mischiando il tuo sorriso alle tue lacrime ma la coscienza non si spegne ed io mi chiedevo dov’è il senso se c’è un senso a tutto questo e Ho respirato sui tuoi battiti lenti e adesso vivi, sì ma dentro un’immagine ricordo c’era il vento ed io mi chiedevo dov’è il senso se c’è un senso a tutto questo E ci sarà il ballo delle incertezze ci sarà un posto in cui perdo tutto che per stare in pace con te stesso e col mondo devi avere sognato almeno per un secondo E ci sarà tra la gente che aspetta chiunque ha rischiato tutto ed ha perso che per stare in pace con te stesso e col resto puoi provare a volare lasciando a terra te stesso So di momenti quelli persi a dare un senso forse mi chiedi perché fragile sono diverso forse ero un bambino e stavo in cortile respiravo piano ho sempre rinchiuso vita e sogni nel palmo della mano Sono presente ancora oggi nel ballo delle incertezze dove ti siedi e più sei poco e più ti senti grande incontro me stesso e poi gli chiedo se vuole ballare ferma la musica che il silenzio adesso sa parlare E ci sarà il ballo delle incertezze ci sarà un posto in cui perdo tutto che per stare in pace con te stesso e col mondo devi avere sognato almeno per un secondo E ci sarà tra la gente che aspetta chiunque ha rischiato tutto ed ha perso che per stare in pace con te stesso e col resto puoi provare a volare lasciando a terra te stesso ;Quando ho scritto Il Ballo Delle Incertezze ho voluto puntare su chi è come me. È un brano che rappresenta chi non ha un domani nella società chi ha più domande che risposte chi ha perso rischiando. È il mio ennesimo attestato che tende la mano a chi è stato emarginato.
Peter Pan;2018;Peter Pan;226;Ho di nuovo invertito le rotte Il mondo corre ed io fermo distante Sognatore di grandi promesse Io ancora scappo dall’essere grande Ho provato a nuotare tra gli altri e Vivere il giorno tra impegni e ritardi Avere un ruolo fra i tanti di tutti Sentirmi parte di un gruppo. Vuoi volare con me? Vuoi volare con me? Vuoi volare con me? Vuoi volare con me? Come Peter Pan Peter Pan Peter Pan Peter Pan Peter Pan Come Peter Pan Mi sento appeso ad un filo lontano che Che se lo seguo non so dove arrivo e Ho chiesto al vento di essere bravo Portarmi altrove per sentirmi vivo Io provo a vivere quello che trovo ma poi Ma poi mi pento e ritorno di nuovo In questo posto in cui volano stelle E se alzi il braccio puoi prenderle tutte Qui dove non potrò perdere il sogno perché è troppo vero per essere distrutto Io no Io non ci torno ho giurato a fatica Io resto qui fino alla prossima vita Intanto volo e c’è un fiume qui sotto Mi porta verso il tuo atteso ritorno Ti segue e tu sei già pronta a volare Ti prendo siamo parte del mare Vuoi volare con me? Vuoi volare con me? Vuoi volare con me? Vuoi volare con me? Come Peter Pan Peter Pan Peter Pan Peter Pan Come Peter Pan Peter Pan Peter Pan Peter Pan Come Peter Pan;Peter Pan è un album che risalta le fragilità dell’uomo. Come sempre nelle mie canzoni racconta Ultimo sono i punti deboli quelli forti. Immaginatelo così: c’è un osservatore e il quadro. L’osservatore pian piano si avvicina al quadro, fino a ritrovarsi con l’occhio attaccato alla tela del disegno. Ed è proprio in quel momento, quando ha solo un colore davanti, che comprende il senso dell’opera. Ecco: quest’album ha il compito di zoommare , sulle cose già piccole della vita, fino a farle diventare piccolissime fino a farle diventare noi.
Peter Pan;2018;Dove il mare finisce;200;Vorrei sapere se c'è una parte che resta in questa parte di te È una vita che aspetto con in mano il perché È la strada più giusta quella senza di me Mentre l'anima scende vorrei sapere se c'è Una parte che resta In questa parte di noi Io vorrei solo averti anche col senno di poi È la strada più assurda questa senza di te Mentre il vuoto riempie E sai che non mi sento importante Anzi son fragile È la paura che insiste E sai che non ho un posto nel mondo Quindi cercarmi dove il mare finisce Wow oh oh, woh oh oh, woh oh oh Wow oh oh, woh oh oh, woh oh oh Vorrei sapere se c'è una frase da dire, sai è difficile Siamo biglie nel vento senza regole È la strada più giusta quella senza di me Mentre l'anima scende vorrei sapere perché Per la gente l'amore è un posto semplice Io che scappo da noi per ritrovare me È la strada più assurda quella senza di te Mentre il vuoto riempie E sai che non mi sento importante Anzi son fragile È la paura che insiste E sai che non ho un posto nel mondo Quindi cercarmi dove il mare finisce E non c'è un posto per te E non c'è un posto per noi Dimmi che aspetti la vita Che io stesso vorrei E non c'è un posto lo sai Resta un momento se vuoi Svuota il destino come un giorno che non tornerà mai Sai che non mi sento importante Anzi son fragile È la paura che insiste Sai che non ho un posto nel mondo Quindi cercarmi dove il mare finisce Wow oh oh, woh oh oh, woh oh oh Wow oh oh, woh oh oh, woh oh oh ;Cercare il più giusto brano leggero per la rotazione radiofonica estiva che potrebbe apprezzare Dove finisce il mare,
Peter Pan;2018;Le stesse cose che facevo con te;192;Le stesse che facevo con te Ora mi sembrano stupide Andare a bere di sera in quel posto isolato Che se c'eri tu affianco sembrava il mercato Sembrava il mercato Le stesse che facevo con te Ora lei vuole ripeterle Entra in macchina urlando le nostre canzoni Ed io che in silenzio sorrido e la guardo E poi mi sento un vigliacco perché Anche io le canto Per non farle capire che già penso ad altro Che già penso ad altro Ma lei mi sembra così stupida Eri te la vera musica E lei mi sembra così stupida Eri te la vera musica E lei mi sembra così stupida Eri te la vera musica Le stesse cose che facevo con te Ora mi sembrano stupide Lei che parla di tutto in quel modo formale E tu che a malapena sapevi parlare Lei che dice: Fumare fa male, è sbagliato Tu che mi reggevi quando ero ubriaco Lei che dice: Vorrei render fiero mio padre Tu invece piangevi per averlo incontrato Per averlo incontrato Ma lei mi sembra così stupida Eri te la vera musica E lei mi sembra così stupida Eri te la vera musica E lei mi sembra così stupida Eri te la vera musica Nanananana, na, nana Nanananana, na, nana E lei mi sembra così stupida Eri te la vera musica E lei mi sembra così stupida Eri te la vera musica;Le stesse cose che facevo con te in cui Ultimo vive il presente con lei mentre pensa al passato con te.
Peter Pan;2018;Ti dedico il silenzio;240;C'è un'aria strana stasera E torno a casa in silenzio Tra i rumori del traffico E il telefono spento E la gente mi guarda Ma non ho niente di vero Io che basta pensarti e già mi manca il respiro È da tempo che lo cerco questo tempo che mi manca È da tempo che sai penso che anche il tempo non mi basta So quanto costa per te Ma cerco solo un motivo Per sentirmi vivo e non è semplice So quanto pesano in te quelle paure lontane Meriti anche tu un posto da visitare, hm hm hm Hm hm hm hm C'è un'aria strana nel cielo Esco da casa in silenzio Non è ancora neanche l'alba, ma a dormire non ci penso Io cerco solo di capirti E la notte non ci dormo Se soltanto avessi pace saprei essere come loro È da tempo che lo cerco questo tempo che mi manca È da tempo che sai penso che anche il tempo non mi basta So quanto costa per te Ma cerco solo un motivo Per sentirmi vivo e non è semplice So quanto pesano in te quelle paure lontane Meriti anche tu Un posto da visitare E ti dedico il rumore Di queste inutili parole Un quadro senza il suo colore Che è andato via volare altrove Io ti dedico il silenzio, tanto non comprendi le parole Questa sera provo a farlo Questa sera io ti chiamo E tanto tu non mi rispondi E tanto poi se mi rispondi Dici che non siamo pronti Ed io so quanto costa per te Ma cerco solo un motivo Per sentirmi vivo e non è semplice So quanto pesano in te quelle paure lontane Meriti anche tu un posto da visitare Wouh oh oh, na na na na, na nai na, na nara nai nana Wouh oh oh, oh oh Meriti anche tu un posto da visitare;
Peter Pan;2018;Domenica;196;È già domenica, almeno qui dentro In questa casa in cui tu mi hai promesso Di essere sempre per sempre Sempre una parte di quello che in fondo non perdo È già domenica e non ce la faccio Guardo il soffitto e pian piano ci parlo Per te va sempre tutto bene Non ti accorgi delle crepe che si formano sulla parete Vorrei sapere che mi manca ora Ora che ho tutto quello che volevo Ma c'è qualcosa che mi manca ancora Forse riavere di te il desiderio E guarda amore, io ti dico Sono solo e triste, lo hai capito E tu rispondi: Aspetta, dopo un mese E sono dimagrita, non si vede Io: Sì dai forse un po' si vede Ma mi sento vuoto, che succede? Tu continui a dire che sei felice Ed io che in imbarazzo sposto il pied  No, non sei più parte di quello che c'è No, non sei più parte di quello che c'è È già domenica e sono già sveglio Ti sento e parli con le amiche ridendo Provo a chiamare Alessandro dal letto Ma è troppo presto e ha il telefono spento È ora di pranzo e mi alzo dal letto C'è il gatto, almeno lui sa cosa sento Tu esci dal bagno di corsa Dici: Stasera una pizza, c'è mia sorella che torna Vorrei sapere che mi manca ora Ora che ho tutto quello che volevo Ma c'è qualcosa che mi manca ancora Forse riavere di te il desiderio, ha E guarda amore io ti dico Sono solo e triste, lo hai capito E tu rispondi: Aspetta, dopo un mese E sono dimagrita, non si vede Io: Sì dai forse un po' si vede Ma mi sento vuoto, che succede? Tu continui a dire che sei felice Ed io che in imbarazzo sposto il piede No, non sei più parte di quello che c'è Oh no, non sei più parte di quello che c'è;
Peter Pan;2018;Vorrei soltanto amarti;187;Tu che respiri troppo in fretta E la paura non ti passa Resti sbagliata ma è lo stesso Tanto sai che poi rimango Abbiamo avuto troppe cose Per due che in fondo come noi Si sono spenti tempo fa Colpa di quello che non sai E mi resta un sogno dietro al cuore Dove si incontrano persone Io ho fatto quello che potevo E il tuo silenzio lo capivo Ma siamo biglie sulla sabbia Senza una direzione vera E seppure il vento la incoraggia Non torna mai la primavera Io vorrei soltanto amarti Io vorrei soltanto amarti Tra le nuvole e i diamanti Io vorrei soltanto amarti Io vorrei soltanto amarti Io vorrei soltanto amarti Tra le nuvole e i diamanti Io vorrei soltanto amarti E non c'è pace per noi due Ognuno con le crisi sue Tu che non sai mai cosa vuoi Io che non voglio ma vorrei E non c'è un modo per amarci A cena insieme ma distanti Le tue risposte sempre stanche Le mie reazioni poco calme Ma tu sei bella come il mondo Quando la notte prende sonno Io vorrei darti più di questo Più di quel poco che è rimasto Tu che indietreggi se io avanzo E poi ritorni quando scappo Siamo parole dette a caso Da un pazzo che non gli dà peso Io vorrei soltanto amarti Io vorrei soltanto amarti Tra le nuvole e i diamanti Io vorrei soltanto amarti Io vorrei soltanto amarti Io vorrei soltanto amarti Tra le nuvole e i diamanti Io vorrei soltanto amarti Oh oh Nai nai na, nai nai na na, na na Io vorrei soltanto amarti;
Peter Pan;2018;Il vaso;259;C'era una volta un vaso Viveva sopra il legno Ed io l'ho conosciuto E trattato da bimbo L'ho dipinto di azzurro Perché amavo le stelle E riempito di fiori Perché odiavo la morte Abbiamo sempre scherzato E preso in giro i passanti Così stolti e banali Chiusi nei loro ideali Ma cosa c'è di più bello Di un vaso che ti promette Di proteggere i fiori Che tu gli hai regalato Ah, ah ah, nanana, na, hm Ed un giorno quel vaso Con un soffio di vento Si ruppe e cadde per terra Io provai a ricomporlo Io credetti di farlo E all'inizio mi illusi Che sarebbe potuto Tornare come era prima In fondo tutto si aggiusta Basta solo aspettare Basta solo aspettare Basta solo morire Ma poi le piegature Io cominciai a notarl  E il vaso mi accusava Avrei dovuto fermare Quel il soffio di vento Che lo ha fatto cadere Lui non è più felice Ed io non riesco più ad amare Ah, ah ah, nanana, na na na E da questa esperienza Ho appreso una cosa Quando un vaso ti cade Prendi scopa e paletta Metti l'anima in pace Ah, ah ah, nanana, na na na na na Il vaso, na na na na, na Il vaso che ho dipinto di azzurro Il vaso che non è più come prima, no, no Che non è più come prima, no Il vaso non è più Il vaso non è più Il vaso non è più come prima Il vaso non è più come prima Non è più come prima, eh Il vaso non è più, eh E non è più come prima;
Peter Pan;2018;La casa di un poeta;217;La casa di un poeta Non ha quattro pareti La casa di un poeta Rispetta i suoi segreti La casa di un poeta È appesa ad una stella E cerca nuovi fogli Tra la noia e le scintille, hm La casa di un poeta A volte se ne va Se ne va ma poi ritorna Con una finestra in meno perché Perché fa male ad un poeta Guardare fuori dove tutto è com'è Il manichino che ci casca Maledetta la realtà Sono le piccole emozioni Le cose più importanti E voglio viverle da solo Per farle diventare grandi Hm hm, hm hm hm, hm La casa di un poeta E una luna nel deserto È un diamante in mezzo al fango È il segreto di un bugiardo, ah ah ah La casa di un poeta Sai devi entrarci per capirlo Capiresti che è da folli Restare in mezzo ad uno stagno, hm hm La casa di un poeta In fondo è solamente un'invenzione È la sera che confonde E nasconde questo sole Però la casa di un poeta È lo spazio che da luce Tra le foglie di una siepe, oh E il bisogno di volare Nai na, na nai, na na nai na nai na na, na Na nai, nai na na Sono le piccole emozioni Le cose più importanti E voglio viverle da solo Per farle diventare grandi;
Peter Pan;2018;Farfalla bianca;201;C'è una farfalla bianca che prova a nuotare Ha l'aria di chi sa che il mondo mente Vorrei darle di più di quel che posso dare Farle sentire più di quel che sente Hm hm, nai na, na Si posa una farfalla sulla spalla Oggi mi siedo e resto ad ascoltarla Poi dice che non è più tempo di parlare Che poi domani ha un'altra vita da incontrare Dice: Ti prego, mi porti al mare? Avrei solo bisogno di capire Se è giusto vivere quel che rimane Ed io ti porterei Io ti porterei In un posto dentro In un posto dentro E io ti porterei Io ti porterei In un posto dentro In quel posto dentro me Si posa una farfalla sulla spalla ed io Non posso darle altro se non un addio Che il suo destino è fragile come la forza Ma dice che oggi vola ed è li la ricchezza Rinchiude in un minuto vent'anni di cose Il tempo in fondo è quello che noi gli affidiamo Di quelle ali tra cent'anni chissà che rimane Mi dice: Lascio ai bimbi il sogno di volare Ma ora ti prego, mi porti al mare? Qualsiasi posto purché sia altrove Dove non servono più le parole Ed io ti porterei Io ti porterei In un posto dentro In un posto dentro E io ti porterei Io ti porterei In un posto dentro In quel posto dentro me, eh eh;
Pianeti;2017;Chiave;239;Per le volte che ho perso sfidarsi allo specchio, per le cose di un tempo che mi tagliano dentro, per tutti i ricordi tra quelli che scordi, le notti in un parco tra amici e discorsi, per quando ho sbagliato talento sprecato, su un banco di scuola, io, perplesso e incazzato, per lei che mi amava, i suoi occhi pianeti in cui entri per sbaglio ed esci in punta di piedi, per le frasi mai dette chi corre e poi smette, per chi parla d'eroi e dopo un passo s'arrende, fottuti i miei pianti, i miei occhi più stanchi, per chi chiede un sorriso e ha mille rimpianti, per le mie promesse da sempre le stesse, vado a vincere e torno, mamy dimmi ci riesci, per mio padre che aspetta che io sia più tranquillo, nonostante i tuoi sbagli, sei tra gli esempi più grandi. Per i momenti di semplicità per chi rimane e chi se ne va per le volte che cammino in questa strada e non so dove mi porterà e per chi aspetta una vita diversa per me che avevo una stella e l'ho persa per chi si vanta di esser forte io che invece incido un'altra debolezza un'altra debolezza un'altra debolezza Per chi ha visto fallire progetti importanti, chi rifugia nei grammi i suoi tagli più grandi, per le mie tante parti che mi rendono instabile, un dolore abitabile che riempe le pagine, per i figli di troia che non mi hanno compreso, per chi sogna soltanto chi si sente un peso, per chi parte da solo ma poi torna cambiato, per chi invece sta fermo e da un pezzo ha mollato, per la barca che vola se non trova il suo mare, per l'incendio che brucia tutto ciò che rimane, per la pioggia che bagna le mie ansie di notte, per chi ha chiesto di esistere ma nessuno risponde, per le volte che ho urlato:   io mi sento diverso  , e non riesco a capire qui dove sia il senso, se nasci solo, vivi solo, muori solo, sono pessimista quanto basta per sentirmi solo, per chi non si innnamora perche odia star bene, per chi invece ama tutti perche il vuoto lo teme, per il panico infame per la nota sospesa, per chi è ultimo e vale per la chieve che ho appesa. Per i momenti di semplicità per chi rimane e chi se ne va per le volte che cammino in questa strada e non so dove mi porterà e per chi aspetta una vita diversa per me che avevo una stella e l'ho persa per chi si vanta di esser forte io che invece incido un'altra debolezza Per i momenti di semplicità per chi rimane e chi se ne va per le volte che cammino in questa strada e non so dove mi porterà e per chi aspetta una vita diversa per me che avevo una stella e l'ho persaper chi si vanta di esser forte io che invece incido un'altra debolezza un'altra debolezza un'altra debolezza;
Pianeti;2017;Il capolavoro;178;E ho vissuto insieme a te Scrivendo pagine, pagine e E ho perso ma tu eri con me Ed adesso suono e mi chiedo il perché Ed adesso sogno soltanto che arrivi il giorno Che la notte mi giro e non dormo Mischio le lacrime con il vino rosso E ti sento nei discorsi di chi mi sta intorno Tu eri la nota che, eri la nota in me Tu eri la nota che fa uscire il capolavoro che è in me Naranainana In me Naranainana E ho lasciato dentro me Quadri bianchi, dipingili te E lei ora è qui vicino a me E cerco nei suoi gesti qualcosa di te E adesso sogno soltanto che arrivi il giorno Che la notte mi giro e non dormo Mischio le lacrime con il vino rosso E ti sento nei discorsi di chi mi sta intorno Tu eri la nota che, eri la nota in me Tu eri la nota che fa uscire il capolavoro che è in me Naranainana In me Naranainana E ho vissuto insieme a te Scrivendo pagine, pagine e;
Pianeti;2017;Pianeti;224;Io ti aspetto dove il mare non si vede più Dove il giorno non arriva se non ci sei tu Dove anche i miei segreti poi si spogliano Dove gli ultimi hanno forza e insieme cantano Io ti aspetto giuro che lo faccio dentro un bar Dove da dentro ti vedrò arrivare In quel posto che alla luna ha appeso un aquilone Dove si accettano le ansie e diventano cure Io ti aspetto nel secondo che precede il tempo Nelle bugie che non ti ho detto per sentirmi perso Nei tuoi capelli che non riesco mai a dimenticare Nelle bestemmie che ho sputato per farmi sentire Ci sarà un posto vedrai per tutte le tue paure Vedrai che è bello camminare senza mai sapere Senza mai sapere dove ti portano i passi È la fantasia che trasforma in pianeti i sassi E ho perso voli E ho perso treni Ma il mondo l'ho trovato sotto i piedi E ho perso il tempo Per le canzoni Quando ti urlavo e tu non mi capivi Io ti aspetto perché è nell'attesa che ci riesco A ritrovarmi, a ritrovarti, a ritrovare un senso Ho sempre scritto, forse per sentirmi meno solo In quelle sere dove il cielo ti prende per mano E tu aspettami lì in alto sulla grande ruota Dove il mondo è solo un punto da lasciarsi dietro Prendimi per mano e disegniamo mille passi È la fantasia che trasforma in pianeti i sassi E ho perso voli E ho perso treni Ma il mondo l'ho trovato sotto ai piedi E ho perso il tempo Per le canzoni Quando ti urlavo e tu non lo capivi Che ero a un passo da perdere te Ma tu eri a un passo da perdere che Per tutte quelle sere in cui ti ho persa e neanche so il perché Che ero a un passo da perdere te E tu eri a un passo da perdere me Io che non ho avuto mai niente di vero a parte te Come la luce qui che filtra da questa finestra Come la vita che cambia ma resta la stessa Come un poeta che bacia il dolore Come la notte che ruba silenzi e ti regala paure Io ti aspetto in una stanza che è sospesa in alto Tra la luce delle stelle 'sto dannato inferno E vivi tu per me la vita che io rifiuto Ti aspetto dove ti parlo restando per sempre muto Che ero a un passo da perdere te Ma tu eri a un passo da perdere che Per tutte quelle sere in cui ti ho persa e neanche so il perché Che ero a un passo da perdere te E tu eri a un passo da perdere me Io che non ho avuto mai niente di vero a parte te;
Pianeti;2017;Mille universi;244;A me serve di più di un telefono nuovo Voglio sempre di più per colmare sto vuoto Ho la rabbia negli occhi e anche un po' di stupore La mia vita è una goccia che si tuffa nel mare Come pensi che stia non so cosa mi prende Non so cosa mi uccide, qui chi pensa poi perde Io non credo più in niente, ci ho provato a cambiare Poso i dubbi su un filo per vederli cadere E quando suono, solamente quando suono Riesco a dirti io chi sono: sono un punto nel vuoto Maledette, maledette le persone che non sanno di essere sole Dopo piangono da sole, maledette le persone Maledette le persone che non sanno di essere sole Dopo piangono da sole, maledette le persone, seh, maledette! Cosa credi che siamo se non piccole frasi Se non grandi illusioni schematizzati con nomi Vuoi un messaggi di speranza, beh cambia artista Vuoi sentirti dire che andrà bene, beh cambia artista Sono fatto così: bipolare col dramma Di chi sputa così le domande su carta E prego prego anche se in fondo io non ci credo Che qualcuno senta e apprenda le mia angosce Io credo alla guerra di coscienza in contrasto dentro un'anima sola Siamo mille universi dentro una sola persona Prendere o lasciare, o mi comprendi oppure è uguale Tanto il mondo sa ingannare con le pubblicità al mare Dove tutti sono uguali, nessuno si chiede niente Ma il set ora è finito tornate ad essere niente Maledette, maledette le persone che non sanno di essere sole Dopo piangono da sole, maledette le persone Maledette le persone che non sanno di essere sole Dopo piangono da sole, maledette le persone Maledette, maledette le persone che non sanno di essere sole Dopo piangono da sole, maledette Maledette le persone che non sanno di essere sole Dopo piangono da sole, maledette le persone Maledette, maledette le persone che non sanno di essere sole Dopo piangono da sole, maledette Maledette le persone che non sanno di essere sole Dopo piangono da sole, maledette le persone, seh, maledette;
Pianeti;2017;Sabbia;218;Voglio che un giorno si sappia quello che ho scritto nelle canzoni Che quello che ho visto è solo l'istinto e tirando conclusioni Mi sono spacciato per ciò che non ero per piú di una volta Avevo bisogno di un Dio e l'ho ritrovato sentendomi in colpa Voglio che un giorno tu sappia quante promesse che ho infranto Quando la notte dormivo su un fianco E sul mio cuscino, gocce di pianto Quando bevevo e tornavo distrutto a casa la sera Convinto di avere lei affianco Lei che puntualmente non c'era! E voglio che un giorno risplenda la mia incertezza, le mie abitudini fragili E figlie di battiti, infiniti attimi, brevi voragini, sai Da quando ho chiesto al tempo di essere meno lento Adesso chiedo a me di stare al passo ma non ci riesco! E voglio che tu non veda mai i miei occhi di adesso Mentre sto scrivendo ho la rabbia che coincide con quanto perdo Ma ti giuro che da sempre io punto all'eccellente Se devo avere poco scelgo di avere niente E costa cara la fragilità Per chi un posto nel mondo non ha In questo viaggio nell'infinità So che l'amore no, non passerà E se poi torni tu passa di qua È una bugia anche la verità In questo viaggio nell'infinità So che l'amore no, non passerà Voglio che un giorno si sappia quello che ho dentro, quello che ho fatto, quello che ho detto Resta diverso il giorno che ti ho chiesto   tu restami vicino che prima o poi perdo il controllo   Quando allo specchio mi guardavo stanco Rimando la vita ad un altra, stasera mi sento stanco E tu mi criticavi ma vivo in alto e vedo bianco L'amore è sempre vero se visto da un altro E visto che ora tu c'hai un altro, io mi sento fuori luogo La vita la puoi comprendere solo se senti il vuoto E Dio, che strazio esistere in un mondo che insiste Voglio stare da solo si, dai ora dammi del triste Io ti giuro voglio solo che un giorno si sappia Che in una spiaggia resta unico ogni granello di sabbia E costa cara la fragilità Per chi un posto nel mondo non ha In questo viaggio nell'infinità So che l'amore no, non passerà E se poi torni tu passa di qua È una bugia anche la verità In questo viaggio nell'infinità So che l'amore no, non passerà Nanananananaaa nanananananaaa In questo viaggio nell'infinità So che l'amore no, non passerà E se poi torni tu passa di qua È una bugia anche la verità In questo viaggio nell'infinità So che l'amore no, non passerà;
Pianeti;2017;Raccontero di te;204;Racconterò di quando hai detto Ti giuro son cambiata E poi non sei cambiata affatto, è stata identica la strada Quando hai detto puoi salvarmi ed io l'ho fatto con il cuore Poi hai cercato in te una scusa e mi hai confuso tra persone Racconterò a mio figlio le cose fatte insieme Il primo giorno che ti ho vista: diamante tra le iene Sai la vita può cambiarci solo se non la viviamo Strano a dirsi certe volte resta vero chi non siamo Racconterò ai miei amici, ai pochi che rimarranno Che ho scoperto camminando quanto è bello stare fermo Che più cerchi di star bene è più ti complichi il futuro Che cazzo l'ottimismo, non lo voglio come scudo Quante nuvole ti servono per accorgerti del cielo Quando perdi una persona scopri il suo valore vero Io che scrivo, intanto fumo mi distraggo come posso Tanto è un gioco l'esistenza e ogni scelta è un nuovo passo Racconterò di te ad un passante E se mi chiederà il perché non è importante E se il destino sfida mischierò le carte Con il trucco di chi ad occhi chiusi parte Lontano infondo agli occhi c'è una stanza E a volte perdersi ha la sua importanza E scriverò per chi non è abbastanza E quando non potrò più vivere racconterò di te Racconterò di te, racconterò di te Racconterò che ci ho provato a cambiare quello che ero Quando a scuola io scappavo e il mondo era un punto nero Ora è difficile capire per chi non mi conosce I disagi che ho colmato riempiendoli con i forse Le volte che ho respinto e dicevano sei un viziato Perché ho sempre avuto tutto e amato ciò che mi è mancato Vaglielo a spiegare a chi predica soltanto Che proprio chi ha avuto il pane che desidera qualcos'altro Racconterò a mio figlio che i tuoi occhi sono grandi Che hai colorato un senso tra i miei giorni più importanti Che sei bella e non l'ho detto quando avevo l'occasione Gli spiegherò che esistere è anche fare ciò che vuole Racconterò a mio padre che la notte non dormivo Mi giravo dentro al letto e ripensandolo piangevo Strano quanto una canzone possa essere pesante Strana la mia condizione che non cambia e tu distante Racconterò di te ad un passante E se mi chiederà il perché non è importante E se il destino sfida mischierò le carte Con il trucco di chi ad occhi chiusi parte Lontano infondo agli occhi c'è una stanza E a volte perdersi ha la sua importanza E scriverò per chi non è abbastanza E quando non potrò più vivere racconterò di te Racconterò di te, racconterò di te;
Pianeti;2017;Giusy;206;Giusy ha visto tante cose per i pochi anni che ha E' una vita che non riesce a avvicinarsi alla realtà Giusy ha spento ogni passione e la gente ha spento lei E si ricorda quando un tempo era più bello stare qua Giusy poi si guarda dentro, quale strada prenderà Se quella di suo padre o quella che sognava già Giusy prova a non sentirli, non restare ferma mai E se la vita si ribella tu ribellati con lei Ma Giusy senti questo vento, tu lasciati portare Giusy sai che sei diversa ed è per questo che sai amare E ogni cosa sembra grande, tu lasciali parlare E ricorda è dal dolore che si può ricominciare Giusy guarda la partita senza giocarla mai Che mischiarsi con la gente è il sogno di chi non ha idee Giusy guarda fuori il mondo dalla sua finestra calda E' sempre amara e insoddisfatta e qui la gente non l'ascolta Giusy aspetta nel suo letto con la polvere che sa E si rinchiude in una stanza così vuota di realtà Ma Giusy senti questo vento, tu lasciati portare Giusy sai che sei diversa ed è per questo che sai amare E ogni cosa sembra grande, tu lasciali parlare E ricorda è dal dolore che si può ricominciare Ma Giusy senti questo vento, tu lasciati portare Giusy sai che sei diversa ed è per questo che sai amare E ogni cosa sembra grande, tu lasciali parlare E ricorda è dal dolore che si può ricominciare;
Pianeti;2017;Ovunqye tu sia;199;È rimasto il tuo profumo in questa casa che ora è triste sopra il pianoforte ho messo le tue foto già riviste È rimasta la collana che ti avevo regalato Per quella corsa verso il mare sono ancora affaticato Io che perdo già in partenza mentre parlo nei tuoi occhi Tu sorridi e non ci pensi e chiudi a chiave i sentimenti È rimasta la paura di non essere abbastanza Sai l'amore non esiste per chi è sempre stato senza A cosa pensi sia servito, vedi adesso cosa siamo... due puntini da lontano Ma portami via dove il mondo è un'idea Portami ovunque tu sia E portami via dove ancora sei mia Portami ovunque tu sia Sai a volte mi soffermo solo sui particolari Perché un viaggio cambia strada a seconda dei binari Perché un viaggio cambia senso da come riempi i tuoi bagagli Perché ogni vita pesa a seconda degli sbagli Sai a volte resto sveglio e aspetto che la luce torni Altre volte mi rinchiudo e lascio agli altri i miei impegni A cosa pensi sia servito, vedi adesso cosa siamo due puntini da lontano Ma portami via dove il mondo è un'idea Portami ovunque tu sia E portami via dove ancora sei mia Portami ovunque tu sia Il mio biglietto di ritorno Per quel viaggio che non scordo È il mio biglietto di ritorno Per quel viaggio che non scordo Ma portami via dove ancora sei mia Portami ovunque tu sia È il mio biglietto di ritorno Per quel viaggio che non scordo È il mio biglietto di ritorno per quel viaggio che non scordo È il mio biglietto di ritorno Per quel viaggio che non scordo È il mio biglietto di ritorno per quel viaggio che non scordo Ma portami via dove il mondo è un'idea Portami ovunque tu sia E portami via dove ancora sei mia Portami ovunque tu sia Il mio biglietto di ritorno Per quel viaggio che non scordo Il mio biglietto di ritorno per quel viaggio che non scordo Il mio biglietto di ritorno Per quel viaggio che non scordo Il mio biglietto di ritorno per quel viaggio che non scordo;
Pianeti;2017;La storia di un uomo;204;Ah, ero a un passo dall'essere grande Che poi un passo può esser gigante Forza, forza, mi dicono quelli che ho accanto Lei, è un fiore che illumina marzo Ho sempre scritto per qualcosa di forte Il vento porta via con se le mie carte, facce stanche Se potessi perderesti ma senza pretesti Senti, siamo schiavi di piccoli gesti E sentiti anche libera, lui le ripeteva Mentre lei sdraiava i suoi occhi nel cielo Figlio di un battito nero Puoi elencare i tuoi difetti Sto in fissa pure per quelli Tipo i tuoi modi poco ribelli In confronto a me che vivo guardando disegni Sei felice?, lei gli chiese arricciandosi i capelli E qua non conta quello che è stato Conta quello che resta Ma come puoi cancellare il ricordo del sole A chi ora vive senza una finestra Non puoi farlo, no Che non puoi farlo, no Ma è la storia di un uomo Partito per caso In cerca d'amore Nel posto sbagliato, oh Trovò la sua donna E le chiese un sorriso, oh Ma lei non rispose, no E continuò il suo cammino E da quel giorno fa Nai, na nai, na na nai, na nai E da quel giorno fa Nai, na nai, na na na nai na E da quel giorno fa Fa che non trova più un senso E in sto posto fa freddo Lui vagava nei giorni Come pioggia d'inverno che cade dall'alto Sto mondo è stronzo quindi indossa la vita di un altro Lei tacchi alti e se ne frega di tutto Quando sei bella certe cose non ti sfiorano, è giusto Ognuno ha le sue dosi di fortuna L'amore è lacuna Si ama ciò che non si ha Come il giorno ama la luna E lui la chiama da lontano È disperato Sei ubriaco, lei gli dice Il sole è appena arrivato E come posso non esserlo? Guardami insomma Ho gli occhi di un grande ricordo, ma vissuto di fretta E ho le lacrime in viso, sì lo so che è cretino Io che ho sempre odiato tutti adesso piango per te E mi sento un bambino, forse lo sono in fondo Ma ho attraversato il mare solo per averti accanto Ma è la storia di un uomo Partito per caso In cerca d'amore Nel posto sbagliato, oh Trovò la sua donna E le chiese un sorriso, oh Ma lei non rispose, no E continuò il suo cammino E da quel giorno fa Nai, na nai, na na na, nai na nai E da quel giorno fa Nai, na nai, na na nai, na nai E da quel giorno fa Nai, na nai, na na na, nai na nai E da quel giorno fa Nai, na nai, na na nai, nai na na;
Pianeti;2017;Wendy;193;Ricordo che era solo il cielo La nostra vera casa Volavamo sopra i tetti E la gente non capiva Quant'è bello essere ingenui Con lo sguardo da bambini Io la guardavo e poi notavo Nel suo cuore troppo solo Wendy prestami un tuo sogno Che io adesso non ne ho più Se ho bisogno di sognare Una vita in cui ci sei tu Ma prendimi per mano senza il minimo timore Questo mondo vale poco e dona solo altre paure Per un piccolo secondo abbi solo la certezza Che i problemi sono altrove, ora puoi anche stare senza Io ho abbandonato la realtà, da quando ho scritto una canzone Sono triste per la gente, che non prova più emozione È triste dare un nome a tutti i nostri sentimenti Io che riesco solo a dire   riportatemi da Wendy   Da Wendy Ricordo che eravamo in alto Come un bimbo senza lacrime Confondevo i suoi occhi Col colore delle nuvole E mi sento solo adesso Che tu non ci sei più Ma guardati un po' intorno E quando capirai che infondo Sono tutti troppo uguali E gareggiano nel mondo Ti prego Wendy ascolta Non finire come loro Con il cuore sotto terra E con il sogno di un lavoro Tanto chiediti alla fine Cosa resterà davvero Resterà solo il coraggio Di chi infondo ci ha provato A dedicare spazio Solo ai più veri sentimenti E la notte l'ha sognato Di scappare via con Wendy Di scappare con Wendy;
Pianeti;2017;Unica forza che ho;243;Ero anche io un ragazzo senza vita Uscivo per trovarne un po' da lei Ma lei è una ragazza con troppa vita E di certo non la indosserà con me Stasera resto a casa tu lo sai Il freddo non l'ho mai sopportato Vorrei solo capire perché però Sei l'unica forza che ho Ero anche io un ragazzo senza voglia Parlavo dei miei sogni a chi non sogna Ma poi ho incontrato lei e son partito Lì fino dove il mondo non si incontra Cadeva la pioggia sopra i tetti Ricordo che restavo ad ascolartarli Vorrei solo capire perché però Sei l'unica forza che ho E vedi poi quanto costa parlarne? Dirti che ti voglio veramente Che non ho visto mai occhi più grandi Blu come il cielo che avevo davanti E dimmi dimmi perché sei l'unica forza che ho E dimmi dimmi perché sei l'unica forza che ho L'unica forza che ho Ero anche io un ragazzo sempre stanco Mi fermavo ad un passo dal traguardo E lei che mi ha insegnato ad esser forte E a non mostrare troppe debolezze Esco a bere questa sera rischio Poi chiamami e chiedimi se resto Vorrei solo capire perché però Sei l'unica forza che ho E vedi poi quanto costa parlarne? Dirti che ti voglio veramente Che non ho visto mai occhi più grandi Blu come il cielo che avevo davanti E dimmi dimmi perché sei l'unica forza che ho E dimmi dimmi perché sei l'unica forza che ho L'unica forza che ho E vedi poi quanto costa parlarne? Dirti che ti voglio veramente Che non ho visto mai occhi più grandi Blu come il cielo che avevo davanti E dimmi dimmi perché sei l'unica forza che ho E dimmi dimmi perché sei l'unica forza che ho L'unica forza che ho Sei l'unica forza che ho E abbiamo camminato tanto Tanto che neanche mi ricordo Quante frasi che ho strozzato per non sembrare sempre Sempre il solito bambino con la faccia da perdente Io che osservo i suoi capelli, e poi la perdo tra la gente;
Pianeti;2017;Sogni appesi;212;Provo a dimenticare Scelte che fanno male Abbraccio le mie certezze Provo a darmi da fare Ma ancora non riesco a capire se il mondo un giorno io potrò amarlo Se resto chiuso a dormire Quando dovrei incontrarlo Quello che cerco di dire Da quando scappavo da tutto Quando ridevano in gruppo Tornavo e scrivevo distrutto È che ho gridato tanto In classe non ero presente Sognavo di vivere in alto Dimostrare che ero un vincente E quando ho incontrato me stesso Mentre correvo di notte Gli ho urlato di odiarlo contro E lui ha diviso le rotte Ma guarda che strana la sorte Oggi che mi sento bene Io lo rincontro per strada Gli chiedo di ridere insieme Dimmi che cosa resta Se vivi senza memoria Perdo la voce, cerco la pace Lascio che la vita viva per me E dimmi che cosa senti Se scopri di avere paura Brucio i consigli, alzo il volume L'ansia nasconde i sorrisi che ho E dimmi che cosa vedi Quando pensi al domani Quali domande? Quante risposte? Forse domani ripeti forse E vivo coi sogni appesi Vivo coi sogni appesi Girano le pareti Vivo, vivo coi sogni appesi Quando ascoltavo la gente parlare mentre dava lezioni Non ho saputo imparare Ed ora disegno le delusioni, le conclusioni È facile avere ambizioni Un po' meno concretizzarle Ero un bambino diverso Odiavo chi amava e aspettavo l'inverno Sempre collocato Nel gruppo dei perdenti In questo percorso a chi c'ho intorno Ho dato un sorriso e mille incidenti Ma mando avanti la ruota Lascio che giri da sé Riesci a capirmi solo se hai sempre voluto qualcosa che non c'è E adesso tirando le somme Non sto vivendo come volevo Ma posso essere fiero di portare avanti quello che credo Da quando ero bambino Solo un obiettivo Dalla parte degli ultimi Per sentirmi primo E dimmi che cosa resta Se vivi senza memoria Perdo la voce, cerco la pace Lascio che la vita viva per me E dimmi che cosa senti Se scopri di avere paura Brucio consigli, alzo il volume L'ansia nasconde i sorrisi che ho E dimmi che cosa vedi Quando ripensi al domani Quali domande? Quante risposte? Forse domani ripeti forse E vivo coi sogni appesi Vivo coi sogni appesi Girano le pareti Io vivo coi sogni appesi Dimmi che cosa resta Se vivi senza memoria Perdo la voce, cerco la pace Lascio che la vita viva per me E dimmi che cosa senti Se scopri di avere paura Brucio consigli, alzo il volume L'ansia nasconde i sorrisi che ho E dimmi che cosa vedi Quando ripensi al domani Quali domande? Quante risposte? Forse domani ripeti forse E vivo coi sogni appesi Vivo coi sogni appesi Girano le pareti Vivo vivo coi sogni appesi;
Pianeti;2017;L'eleganza delle stelle;182;Che poi se si potesse resetterei il cuore Parlando un'altra lingua sarei un colore E poi se si potesse ti porterei altrove Dove questi palazzi diventano un fiore Che poi se si potesse dipingerei il cielo Rinascerei perché non meriti quello che ero E poi se si capisse ti parlerei a gesti Perché ogni mia parola è già detta tra i versi Ti costruirei un mondo da metterti in tasca Così potrai scappare se un giorno ti stanca Non posso darti più quello che chiedi Ti dedico un sogno, ma tu non lo vedi L'amore non esiste, ma è in quello in cui credi E quando ti senti sola riempi la mente Alza gli occhi nel cielo, richiuditi sempre Tra l'eleganza delle stelle Che poi se non ci fossero dovrei inventarle Delle barche che volano su nuvole bianche Saresti la risorsa per ogni sorriso Sarebbe la tua vita il tuo film preferito E poi se mi credessi ti porterei in salvo Dallo smog, dagli spari di un mondo violento Non posso darti più quello che chiedi Ti dedico un sogno, ma tu non lo vedi L'amore non esiste, ma è quello in cui credi E quando ti senti sola riempi la mente Alza gli occhi nel cielo, richiuditi sempre Tra l'eleganza delle stelle;
Pianeti;2017;Stasera;244;Voglio parlarti di me Tu cosa hai saputo di me Mi manca mancare a qualcuno vieni Ti porto dove Dove si parla di te Fiori che nascono soli Non hanno bisogno di un cielo crescono senza colori Tu che rinchiudi in te stessa Ogni parola mancata Sai mi manca la testa la fine è una vita iniziata E provaci ad essere vera Come i tuoi occhi al mattino Quando c'è il sole vicino Sul volto il segno del cuscino Resti stasera resti di sera Che fuori piove E non ho voglia di altro stasera Resti stasera resti di sera Che il mondo è strano E non lo voglio incontrare stasera Voglio sapere se c'è Un posto in cui perdo una parte di me Sciogli tutti i capelli Se il mondo si spara Sono gli amanti i veri ribelli Scrivo per non sentirmi solo Sono un bambino col fuoco Amo vederlo bruciare Se intorno c'ho il vuoto Senza senso scrivo Però mi sento vivo Parlo di cose che non ci sono Senza un motivo E tutto quello che chiedo È avere te che detesti Litigarci il cuscino Mentre di notte calpesti Resti stasera resti di sera Che fuori piove E non ho voglia di altro stasera Resti stasera resti di sera Che il mondo è strano E non lo voglio incontrare stasera Resti stasera resti di sera Che fuori piove E non ho voglia di altro stasera Resti stasera resti di sera Che il mondo è strano E non lo voglio incontrare stasera Resti stasera resti di sera Che fuori piove E non ho voglia di altro stasera Resti stasera resti di sera Che il mondo è strano E non lo voglio incontrare stasera ;
